{
    "1": {
        "distance": 0.027961694999999998, 
        "distance_from_start": 0.027961694999999998, 
        "location": [
            47.675813, 
            -122.31566
        ], 
        "speed": 25.165525499999998, 
        "time": 4
    }, 
    "2": {
        "distance": 0.056544761, 
        "distance_from_start": 0.08450645600000001, 
        "location": [
            47.67580922399118, 
            -122.314355364418
        ], 
        "speed": 25.44514245, 
        "time": 8
    }, 
    "3": {
        "distance": 0.055302019, 
        "distance_from_start": 0.13980847500000002, 
        "location": [
            47.67579832099355, 
            -122.31313836441801
        ], 
        "speed": 33.181211399999995, 
        "time": 6
    }, 
    "4": {
        "distance": 0.04970968, 
        "distance_from_start": 0.189518155, 
        "location": [
            47.675790126993114, 
            -122.31194709325406
        ], 
        "speed": 29.825808, 
        "time": 6
    }, 
    "5": {
        "distance": 0.050331051, 
        "distance_from_start": 0.239849206, 
        "location": [
            47.675796350986225, 
            -122.310877775463
        ], 
        "speed": 30.198630599999998, 
        "time": 6
    }, 
    "6": {
        "distance": 0.050331051, 
        "distance_from_start": 0.290180257, 
        "location": [
            47.67580618697429, 
            -122.309795046627
        ], 
        "speed": 22.64897295, 
        "time": 8
    }, 
    "7": {
        "distance": 0.04970968, 
        "distance_from_start": 0.33988993700000003, 
        "location": [
            47.67581783598538, 
            -122.30872270552253
        ], 
        "speed": 22.369356, 
        "time": 8
    }, 
    "8": {
        "distance": 0.050952422000000004, 
        "distance_from_start": 0.39084235900000003, 
        "location": [
            47.675830738981304, 
            -122.30765304662701
        ], 
        "speed": 26.204102742857145, 
        "time": 7
    }, 
    "9": {
        "distance": 0.05157379300000001, 
        "distance_from_start": 0.442416152, 
        "location": [
            47.675808525574446, 
            -122.3065645899558
        ], 
        "speed": 26.523664971428577, 
        "time": 7
    }, 
    "10": {
        "distance": 0.014912904000000001, 
        "distance_from_start": 0.457329056, 
        "location": [
            47.67578322399474, 
            -122.30547
        ], 
        "speed": 26.8432272, 
        "time": 2
    }, 
    "11": {
        "distance": 0.033554034, 
        "distance_from_start": 0.49088309, 
        "location": [
            47.675782223994915, 
            -122.30515511656759
        ], 
        "speed": 30.1986306, 
        "time": 4
    }, 
    "12": {
        "distance": 0.028583066, 
        "distance_from_start": 0.519466156, 
        "location": [
            47.67578312699421, 
            -122.30444011656753
        ], 
        "speed": 20.57980752, 
        "time": 5
    }, 
    "13": {
        "distance": 0.050331051, 
        "distance_from_start": 0.569797207, 
        "location": [
            47.67578032099572, 
            -122.30382438773152
        ], 
        "speed": 25.884540514285717, 
        "time": 7
    }, 
    "14": {
        "distance": 0.04970968, 
        "distance_from_start": 0.619506887, 
        "location": [
            47.67578112699451, 
            -122.30274836441802
        ], 
        "speed": 29.825808, 
        "time": 6
    }, 
    "15": {
        "distance": 0.032311292, 
        "distance_from_start": 0.6518181789999999, 
        "location": [
            47.67577832099599, 
            -122.30168404662703
        ], 
        "speed": 23.264130239999997, 
        "time": 5
    }, 
    "16": {
        "distance": 0.015534275, 
        "distance_from_start": 0.6673524540000001, 
        "location": [
            47.67577200000001, 
            -122.30098768422323
        ], 
        "speed": 18.64113, 
        "time": 3
    }, 
    "17": {
        "distance": 0.250412513, 
        "distance_from_start": 0.9177649670000001, 
        "location": [
            47.675772, 
            -122.30065300000001
        ], 
        "speed": 30.04950156, 
        "time": 30
    }, 
    "18": {
        "distance": 0.14912904, 
        "distance_from_start": 1.0668940070000001, 
        "location": [
            47.672148, 
            -122.30064099999998
        ], 
        "speed": 23.341936695652173, 
        "time": 23
    }, 
    "19": {
        "distance": 0.101283473, 
        "distance_from_start": 1.16817748, 
        "location": [
            47.669986, 
            -122.30062800000002
        ], 
        "speed": 14.584820112000001, 
        "time": 25
    }, 
    "20": {
        "distance": 0.037903631, 
        "distance_from_start": 1.206081111, 
        "location": [
            47.668524, 
            -122.30062000000001
        ], 
        "speed": 19.493295942857145, 
        "time": 7
    }, 
    "21": {
        "distance": 0.044117341, 
        "distance_from_start": 1.250198452, 
        "location": [
            47.667977, 
            -122.300618
        ], 
        "speed": 31.764485519999997, 
        "time": 5
    }, 
    "22": {
        "distance": 0.07270040700000001, 
        "distance_from_start": 1.322898859, 
        "location": [
            47.667336440500755, 
            -122.30061351005088
        ], 
        "speed": 26.172146520000002, 
        "time": 10
    }, 
    "23": {
        "distance": 0.022990727, 
        "distance_from_start": 1.345889586, 
        "location": [
            47.6662803537856, 
            -122.30062879877666
        ], 
        "speed": 13.794436199999998, 
        "time": 6
    }, 
    "24": {
        "distance": 0.01864113, 
        "distance_from_start": 1.3645307160000002, 
        "location": [
            47.66594331549367, 
            -122.30061530459261
        ], 
        "speed": 11.184677999999998, 
        "time": 6
    }, 
    "25": {
        "distance": 0.009320565, 
        "distance_from_start": 1.3738512809999999, 
        "location": [
            47.66567603246302, 
            -122.30062728830998
        ], 
        "speed": 33.554033999999994, 
        "time": 1
    }, 
    "26": {
        "distance": 0.042874599000000006, 
        "distance_from_start": 1.41672588, 
        "location": [
            47.66553870557634, 
            -122.30066245979397
        ], 
        "speed": 3.0264422823529418, 
        "time": 51
    }, 
    "27": {
        "distance": 0.00621371, 
        "distance_from_start": 1.4229395900000001, 
        "location": [
            47.66492872783888, 
            -122.3008186831612
        ], 
        "speed": 22.369356, 
        "time": 1
    }, 
    "28": {
        "distance": 0.030447179, 
        "distance_from_start": 1.453386769, 
        "location": [
            47.66484129038087, 
            -122.30084107690121
        ], 
        "speed": 27.4024611, 
        "time": 4
    }, 
    "29": {
        "distance": 0.009320565, 
        "distance_from_start": 1.462707334, 
        "location": [
            47.664405, 
            -122.300913
        ], 
        "speed": 33.554033999999994, 
        "time": 1
    }, 
    "30": {
        "distance": 0.067108068, 
        "distance_from_start": 1.529815402, 
        "location": [
            47.664271, 
            -122.300912
        ], 
        "speed": 26.8432272, 
        "time": 9
    }, 
    "31": {
        "distance": 0.010563307000000001, 
        "distance_from_start": 1.540378709,