{
    "1": {
        "Latitude": 47.62774699999999, 
        "Longitude": -117.357818, 
        "distance": 0.18144033199999998, 
        "drive_speed": 17.39839363, 
        "speed_limit": 30, 
        "waze_speed": 4.56707685
    }, 
    "2": {
        "Latitude": 47.62818599999999, 
        "Longitude": -117.357818, 
        "distance": 0.21126614000000002, 
        "drive_speed": 11.80605221, 
        "speed_limit": 30, 
        "waze_speed": 21.47458176
    }, 
    "3": {
        "Latitude": 47.628622, 
        "Longitude": -117.357819, 
        "distance": 0.259733078, 
        "drive_speed": 27.34033203, 
        "speed_limit": 30, 
        "waze_speed": 24.92585382857143
    }, 
    "4": {
        "Latitude": 47.629325, 
        "Longitude": -117.357816, 
        "distance": 0.318763323, 
        "drive_speed": 35.41815948, 
        "speed_limit": 30, 
        "waze_speed": 35.418147
    }, 
    "5": {
        "Latitude": 47.630179, 
        "Longitude": -117.357814, 
        "distance": 0.377172197, 
        "drive_speed": 35.41815948, 
        "speed_limit": 30, 
        "waze_speed": 35.0453244
    }, 
    "6": {
        "Latitude": 47.631024, 
        "Longitude": -117.35781500000002, 
        "distance": 0.435581071, 
        "drive_speed": 36.66090012, 
        "speed_limit": 30, 
        "waze_speed": 35.0453244
    }, 
    "7": {
        "Latitude": 47.632723999999996, 
        "Longitude": -117.357812, 
        "distance": 0.5536415610000001, 
        "drive_speed": 36.66090012, 
        "speed_limit": 30, 
        "waze_speed": 35.418147
    }, 
    "8": {
        "Latitude": 47.633573999999996, 
        "Longitude": -117.35781000000001, 
        "distance": 0.612671806, 
        "drive_speed": 35.41815948, 
        "speed_limit": 30, 
        "waze_speed": 35.418147
    }, 
    "9": {
        "Latitude": 47.634423999999996, 
        "Longitude": -117.35781000000001, 
        "distance": 0.685372213, 
        "drive_speed": 34.17541504, 
        "speed_limit": 30, 
        "waze_speed": 26.172146520000002
    }, 
    "10": {
        "Latitude": 47.63639, 
        "Longitude": -117.35780000000001, 
        "distance": 0.8115105260000001, 
        "drive_speed": 34.17541504, 
        "speed_limit": 30, 
        "waze_speed": 37.65508260000001
    }, 
    "11": {
        "Latitude": 47.637301, 
        "Longitude": -117.35778800000001, 
        "distance": 0.873026255, 
        "drive_speed": 29.82581711, 
        "speed_limit": 30, 
        "waze_speed": 27.68207805
    }, 
    "12": {
        "Latitude": 47.63819099999999, 
        "Longitude": -117.357741, 
        "distance": 0.8953956110000001, 
        "drive_speed": 27.96170425, 
        "speed_limit": 30, 
        "waze_speed": 26.843227199999998
    }, 
    "13": {
        "Latitude": 47.638511308546505, 
        "Longitude": -117.35773779234378, 
        "distance": 0.9351633549999999, 
        "drive_speed": 27.96170425, 
        "speed_limit": 30, 
        "waze_speed": 35.790969600000004
    }, 
    "14": {
        "Latitude": 47.639087687223, 
        "Longitude": -117.35774775214, 
        "distance": 0.9687173889999999, 
        "drive_speed": 31.06855965, 
        "speed_limit": 30, 
        "waze_speed": 24.15890448
    }, 
    "15": {
        "Latitude": 47.639572, 
        "Longitude": -117.357733, 
        "distance": 1.0140774719999999, 
        "drive_speed": 31.06855965, 
        "speed_limit": 30, 
        "waze_speed": 27.216049799999997
    }, 
    "16": {
        "Latitude": 47.640232, 
        "Longitude": -117.35773199999998, 
        "distance": 1.071864975, 
        "drive_speed": 31.06855965, 
        "speed_limit": 30, 
        "waze_speed": 29.719287257142856
    }, 
    "17": {
        "Latitude": 47.641072, 
        "Longitude": -117.35772500000002, 
        "distance": 1.10604038, 
        "drive_speed": 36.03952789, 
        "speed_limit": 30, 
        "waze_speed": 30.7578645
    }, 
    "18": {
        "Latitude": 47.641566, 
        "Longitude": -117.35771900000002, 
        "distance": 1.117225058, 
        "drive_speed": 38.52501297, 
        "speed_limit": 30, 
        "waze_speed": 40.2648408
    }, 
    "19": {
        "Latitude": 47.641728, 
        "Longitude": -117.357718, 
        "distance": 1.147672237, 
        "drive_speed": 37.28227234, 
        "speed_limit": 30, 
        "waze_speed": 36.5366148
    }, 
    "20": {
        "Latitude": 47.642168, 
        "Longitude": -117.357714, 
        "distance": 1.188682723, 
        "drive_speed": 37.90364456, 
        "speed_limit": 30, 
        "waze_speed": 29.527549920000002
    }, 
    "21": {
        "Latitude": 47.642759999999996, 
        "Longitude": -117.35771100000001, 
        "distance": 1.224722241, 
        "drive_speed": 37.90364456, 
        "speed_limit": 30, 
        "waze_speed": 43.247421599999996
    }, 
    "22": {
        "Latitude": 47.643277999999995, 
        "Longitude": -117.357709, 
        "distance": 1.2762960339999998, 
        "drive_speed": 39.14638519, 
        "speed_limit": 30, 
        "waze_speed": 30.944275800000003
    }, 
    "23": {
        "Latitude": 47.64402199999999, 
        "Longitude": -117.35770400000001, 
        "distance": 1.314199665, 
        "drive_speed": 41.63187027, 
        "speed_limit": 30, 
        "waze_speed": 34.1132679
    }, 
    "24": {
        "Latitude": 47.644574, 
        "Longitude": -117.35770600000002, 
        "distance": 1.377579507, 
        "drive_speed": 37.28227234, 
        "speed_limit": 30, 
        "waze_speed": 38.02790519999999
    }, 
    "25": {
        "Latitude": 47.645492710261, 
        "Longitude": -117.35770954844, 
        "distance": 1.4366097519999999, 
        "drive_speed": 41.01049805, 
        "speed_limit": 30, 
        "waze_speed": 35.418147
    }, 
    "26": {
        "Latitude": 47.646342999999995, 
        "Longitude": -117.35770099999999, 
        "distance": 1.462707334, 
        "drive_speed": 38.52501297, 
        "speed_limit": 30, 
        "waze_speed": 31.3170984
    }, 
    "27": {
        "Latitude": 47.646725101577, 
        "Longitude": -117.35770284292, 
        "distance": 1.471406528, 
        "drive_speed": 36.03952789, 
        "speed_limit": 30, 
        "waze_speed": 31.317098400000003
    }, 
    "28": {
        "Latitude": 47.64684797771, 
        "Longitude": -117.3576974785, 
        "distance": 1.5198734660000002, 
        "drive_speed": 36.03952789, 
        "speed_limit": 30, 
        "waze_speed": 34.89619536
    }, 
    "29": {
        "Latitude": 47.64755099999999, 
        "Longitude": -117.35769899999998, 
        "distance": 1.534164999, 
        "drive_speed": 33.55404282, 
        "speed_limit": 30, 
        "waze_speed": 51.4495188
    }, 
    "30": {
        "Latitude": 47.647755, 
        "Longitude": -117.35769800000001, 
        "distance": 1.5664762909999999, 
        "drive_speed": 32.93267441, 
        "speed_limit": 30, 
        "waze_speed": 38.7735504
    }, 
    "31": {
        "Latitude": 47.64822099999999, 
        "Longitude": -117.357696, 
        "distance": 1.5770395979999998, 
        "drive_speed": 31.68992996, 
        "speed_limit": 30, 
        "waze_speed": 19.013952600000003
    }, 
    "32": {
        "Latitude": 47.648371999999995, 
        "Longitude": -117.35769899999998, 
        "distance": 1.6901291200000002, 
        "drive_speed": 31.68992996, 
        "speed_limit": 30, 
        "waze_speed": 9.929811687804877
    }, 
    "33": {
        "Latitude": 47.650009, 
        "Longitude": -117.357691, 
        "distance": 1.7149839599999999, 
        "drive_speed": 10.56331062, 
        "speed_limit": 30, 
        "waze_speed": 17.8954848
    }, 
    "34": {
        "Latitude": 47.65037155597877, 
        "Longitude": -117.35769180211433, 
        "distance": 1.72119767, 
        "drive_speed": 14.91290855, 
        "speed_limit": 30, 
        "waze_speed": 22.369356
    },