{
    "1": {
        "distance": 0.039146373, 
        "distance_from_start": 0.039146373, 
        "location": [
            47.66050800000001, 
            -122.300908
        ], 
        "speed": 35.2317357, 
        "time": 4
    }, 
    "2": {
        "distance": 0.021747985, 
        "distance_from_start": 0.060894358, 
        "location": [
            47.66107735158299, 
            -122.3009047148159
        ], 
        "speed": 26.097582, 
        "time": 3
    }, 
    "3": {
        "distance": 0.081399601, 
        "distance_from_start": 0.142293959, 
        "location": [
            47.6613893452266, 
            -122.30090291458343
        ], 
        "speed": 26.639869418181817, 
        "time": 11
    }, 
    "4": {
        "distance": 0.039767744, 
        "distance_from_start": 0.182061703, 
        "location": [
            47.66257077679575, 
            -122.30089609751536
        ], 
        "speed": 35.790969600000004, 
        "time": 4
    }, 
    "5": {
        "distance": 0.010563307000000001, 
        "distance_from_start": 0.19262501, 
        "location": [
            47.66314264299, 
            -122.30088919933
        ], 
        "speed": 38.027905200000006, 
        "time": 1
    }, 
    "6": {
        "distance": 0.067108068, 
        "distance_from_start": 0.259733078, 
        "location": [
            47.663296270993, 
            -122.30088734616
        ], 
        "speed": 30.1986306, 
        "time": 8
    }, 
    "7": {
        "distance": 0.009320565, 
        "distance_from_start": 0.269053643, 
        "location": [
            47.664271, 
            -122.300912
        ], 
        "speed": 33.554033999999994, 
        "time": 1
    }, 
    "8": {
        "distance": 0.030447179, 
        "distance_from_start": 0.299500822, 
        "location": [
            47.664405, 
            -122.300913
        ], 
        "speed": 34.8049222, 
        "time": 2
    }, 
    "9": {
        "distance": 0.00621371, 
        "distance_from_start": 0.305714532, 
        "location": [
            47.66484129038087, 
            -122.30084107690121
        ], 
        "speed": 22.369356, 
        "time": 1
    }, 
    "10": {
        "distance": 0.042874599000000006, 
        "distance_from_start": 0.34858913100000005, 
        "location": [
            47.66492872783888, 
            -122.3008186831612
        ], 
        "speed": 30.869711280000004, 
        "time": 5
    }, 
    "11": {
        "distance": 0.009320565, 
        "distance_from_start": 0.357909696, 
        "location": [
            47.66553870557634, 
            -122.30066245979397
        ], 
        "speed": 33.554033999999994, 
        "time": 1
    }, 
    "12": {
        "distance": 0.01864113, 
        "distance_from_start": 0.376550826, 
        "location": [
            47.66567603246302, 
            -122.30062728830998
        ], 
        "speed": 33.421613599999999, 
        "time": 5
    }, 
    "13": {
        "distance": 0.022990727, 
        "distance_from_start": 0.399541553, 
        "location": [
            47.66594331549367, 
            -122.30061530459261
        ], 
        "speed": 20.51777448, 
        "time": 15
    }, 
    "14": {
        "distance": 0.07270040700000001, 
        "distance_from_start": 0.47224196, 
        "location": [
            47.6662803537856, 
            -122.30062879877666
        ], 
        "speed": 21.8101221, 
        "time": 12
    }, 
    "15": {
        "distance": 0.044117341, 
        "distance_from_start": 0.5163593009999999, 
        "location": [
            47.667336440500755, 
            -122.30061351005088
        ], 
        "speed": 26.4704046, 
        "time": 6
    }, 
    "16": {
        "distance": 0.037903631, 
        "distance_from_start": 0.554262932, 
        "location": [
            47.667977, 
            -122.300618
        ], 
        "speed": 22.7421786, 
        "time": 6
    }, 
    "17": {
        "distance": 0.101283473, 
        "distance_from_start": 0.6555464049999999, 
        "location": [
            47.668524, 
            -122.30062000000001
        ], 
        "speed": 30.385041899999997, 
        "time": 12
    }, 
    "18": {
        "distance": 0.14912904, 
        "distance_from_start": 0.804675445, 
        "location": [
            47.669986, 
            -122.30062800000002
        ], 
        "speed": 31.580267294117643, 
        "time": 17
    }, 
    "19": {
        "distance": 0.250412513, 
        "distance_from_start": 1.0550879579999999, 
        "location": [
            47.672148, 
            -122.30064099999998
        ], 
        "speed": 23.1150012, 
        "time": 39
    }, 
    "20": {
        "distance": 0.015534275, 
        "distance_from_start": 1.0706222330000001, 
        "location": [
            47.675772, 
            -122.30065300000001
        ], 
        "speed": 18.64113, 
        "time": 3
    }, 
    "21": {
        "distance": 0.032311292, 
        "distance_from_start": 1.1029335249999999, 
        "location": [
            47.67577200000001, 
            -122.30098768422323
        ], 
        "speed": 23.264130239999997, 
        "time": 5
    }, 
    "22": {
        "distance": 0.04970968, 
        "distance_from_start": 1.152643205, 
        "location": [
            47.67577832099599, 
            -122.30168404662703
        ], 
        "speed": 22.369356, 
        "time": 8
    }, 
    "23": {
        "distance": 0.050331051, 
        "distance_from_start": 1.202974256, 
        "location": [
            47.67578112699451, 
            -122.30274836441802
        ], 
        "speed": 30.198630599999998, 
        "time": 6
    }, 
    "24": {
        "distance": 0.028583066, 
        "distance_from_start": 1.231557322, 
        "location": [
            47.67578032099572, 
            -122.30382438773152
        ], 
        "speed": 25.7247594, 
        "time": 4
    }, 
    "25": {
        "distance": 0.033554034, 
        "distance_from_start": 1.265111356, 
        "location": [
            47.67578312699421, 
            -122.30444011656753
        ], 
        "speed": 24.15890448, 
        "time": 5
    }, 
    "26": {
        "distance": 0.014912904000000001, 
        "distance_from_start": 1.28002426, 
        "location": [
            47.675782223994915, 
            -122.30515511656759
        ], 
        "speed": 26.8432272, 
        "time": 2
    }, 
    "27": {
        "distance": 0.05157379300000001, 
        "distance_from_start": 1.3315980529999998, 
        "location": [
            47.67578322399474, 
            -122.30547
        ], 
        "speed": 26.523664971428577, 
        "time": 7
    }, 
    "28": {
        "distance": 0.050952422000000004, 
        "distance_from_start": 1.3825504750000002, 
        "location": [
            47.675808525574446, 
            -122.3065645899558
        ], 
        "speed": 20.3809688, 
        "time": 9
    }, 
    "29": {
        "distance": 0.04970968, 
        "distance_from_start": 1.432260155, 
        "location": [
            47.675830738981304, 
            -122.30765304662701
        ], 
        "speed": 29.825808, 
        "time": 6
    }, 
    "30": {
        "distance": 0.050331051, 
        "distance_from_start": 1.4825912060000002, 
        "location": [
            47.67581783598538, 
            -122.30872270552253
        ], 
        "speed": 30.198630599999998, 
        "time": 6
    }, 
    "31": {
        "distance": 0.050331051, 
        "distance_from_start": 1.532922257, 
        "location": [
            47.67580618697429, 
            -122.309795046627
        ], 
        "speed": 25.884540514285717,